{
  "Tomb Raider II": {
    "title": "Tomb Raider II",
    "runner": "xRikux89",
    "estimate": "01:33",
    "category": "Any%",
    "platform": "PC",
    "link": "http://www.speedrun.com/Tomb_Raider_II"
  },
  "Star Wars Jedi Knight: Jedi Academy": {
    "title": "Star Wars Jedi Knight: Jedi Academy",
    "runner": "Sajiki",
    "estimate": "00:48",
    "category": "Any%",
    "platform": "PC",
    "link": "http://www.speedrun.com/Star_Wars_Jedi_Knight_Jedi_Academy"
  },
  "Star Wars: Jedi Knight - Jedi Academy": {
    "title": "Star Wars Jedi Knight: Jedi Academy",
    "runner": "Sajiki",
    "estimate": "00:48",
    "category": "Any%",
    "platform": "PC",
    "link": "http://www.speedrun.com/Star_Wars_Jedi_Knight_Jedi_Academy"
  },
  "American McGee's Alice": {
    "title": "American McGee's Alice",
    "runner": "Arctice",
    "estimate": "01:13",
    "category": "Any%",
    "platform": "PC",
    "link": "http://www.speedrun.com/American_McGees_Alice"
  },
  "Grand Theft Auto: The Lost and Damned": {
    "title": "Grand Theft Auto: The Lost and Damned",
    "runner": "Noz",
    "estimate": "01:38",
    "category": "Any%",
    "platform": "PC",
    "link": "http://www.speedrun.com/Grand_Theft_Auto_The_Lost_and_Damned"
  },
  "SOMA": {
    "title": "SOMA",
    "runner": "Nord",
    "estimate": "01:28",
    "category": "Any%",
    "platform": "PC",
    "link": "http://www.speedrun.com/SOMA"
  },
  "Outlast": {
    "title": "Outlast",
    "runner": "Tirean",
    "estimate": "00:54",
    "category": "No OoB",
    "platform": "PC",
    "link": "http://www.speedrun.com/Outlast"
  },
  "Resident Evil 3: Nemesis": {
    "title": "Resident Evil 3: Nemesis",
    "runner": "Magn00zl",
    "estimate": "00:58",
    "category": "Any%",
    "platform": "PC",
    "link": "http://www.speedrun.com/Resident_Evil_3_Nemesis"
  },
  "Just Cause": {
    "title": "Just Cause",
    "runner": "Nord",
    "estimate": "01:58",
    "category": "Any%",
    "platform": "PC",
    "link": "http://www.speedrun.com/Just_Cause"
  },
  "Aliens versus Predator 2": {
    "title": "Aliens versus Predator 2",
    "runner": "cruxit",
    "estimate": "00:28",
    "category": "Easy Alien campaign",
    "platform": "PC",
    "link": "http://www.speedrun.com/Aliens_versus_Predator_2"
  },
  "Wrack": {
    "title": "Wrack",
    "runner": "PenAgain",
    "estimate": "00:28",
    "category": "Any%",
    "platform": "PC",
    "link": "http://www.speedrun.com/Wrack"
  },
  "Doritos Crash Course": {
    "title": "Doritos Crash Course",
    "runner": "Respirte, Bensagram",
    "estimate": "00:38",
    "category": "Any% (No Chicken) (Race)",
    "platform": "X360",
    "link": "http://www.speedrun.com/Doritos_Crash_Course"
  },
  "Legend of Kay": {
    "title": "Legend of Kay",
    "runner": "Muffin42",
    "estimate": "01:08",
    "category": "Any% RLC",
    "platform": "PS2",
    "link": "http://www.speedrun.com/Legend_of_Kay"
  },
  "Metal Gear MSX": {
    "title": "Metal Gear MSX",
    "runner": "Pogington",
    "estimate": "00:43",
    "category": "Any%",
    "platform": "PS2",
    "link": "http://www.speedrun.com/Metal_Gear_MSX"
  },
  "Crash Bandicoot": {
    "title": "Crash Bandicoot",
    "runner": "mikl",
    "estimate": "01:08",
    "category": "Any%",
    "platform": "PS2",
    "link": "http://www.speedrun.com/Crash_Bandicoot"
  },
  "Herc's Adventures": {
    "title": "Herc's Adventures",
    "runner": "Chfou",
    "estimate": "01:23",
    "category": "Any%",
    "platform": "PS1",
    "link": "http://www.speedrun.com/Hercs_Adventures"
  },
  "Disney's Tarzan": {
    "title": "Disney's Tarzan",
    "runner": "china, Joelnir, Jazzy, T1g3r_94",
    "estimate": "00:38",
    "category": "Any% (Easy) (Race)",
    "platform": "PC",
    "link": "http://www.speedrun.com/Disneys_Tarzan"
  },
  "Kero Blaster": {
    "title": "Kero Blaster",
    "runner": "Shadax",
    "estimate": "00:43",
    "category": "Any%",
    "platform": "PC",
    "link": "http://www.speedrun.com/Kero_Blaster"
  },
  "Tiny Toon Adventures 3": {
    "title": "Tiny Toon Adventures 3",
    "runner": "Edenal",
    "estimate": "00:21",
    "category": "Any%",
    "platform": "Gen",
    "link": null
  },
  "Tiny Toon Adventures": {
    "title": "Tiny Toon Adventures",
    "runner": "Garadas",
    "estimate": "00:28",
    "category": "Any%",
    "platform": "NES",
    "link": "http://www.speedrun.com/Tiny_Toon_Adventures"
  },
  "Yume Penguin Monogatari": {
    "title": "Yume Penguin Monogatari",
    "runner": "CartinaCow, EndySWE",
    "estimate": "00:23",
    "category": "Any% (Race)",
    "platform": "NES",
    "link": "http://www.speedrun.com/Yume_Penguin_Monogatari"
  },
  "River City Ransom": {
    "title": "River City Ransom",
    "runner": "Niss3",
    "estimate": "00:18",
    "category": "Any%",
    "platform": "NES",
    "link": "http://www.speedrun.com/River_City_Ransom"
  },
  "Batman: The Video Game (NES)": {
    "title": "Batman: The Video Game (NES)",
    "runner": "EndySWE, dxtr, InfestedRiche",
    "estimate": "00:23",
    "category": "Any% (Race)",
    "platform": "NES",
    "link": "http://www.speedrun.com/Batman_The_Video_Game_NES"
  },
  "Axiom Verge": {
    "title": "Axiom Verge",
    "runner": "Zecks, Brother_main, gvirus",
    "estimate": "00:53",
    "category": "Any% (Race)",
    "platform": "PC",
    "link": "http://www.speedrun.com/Axiom_Verge"
  },
  "Dustforce DX": {
    "title": "Dustforce DX",
    "runner": "sheilalpoint",
    "estimate": "01:08",
    "category": "16 Red Keys",
    "platform": "PC",
    "link": "http://www.speedrun.com/Dustforce_DX"
  },
  "Spyro 2: Ripto's Rage!": {
    "title": "Spyro 2: Ripto's Rage!",
    "runner": "Tyzerra",
    "estimate": "02:03",
    "category": "100%",
    "platform": "PS2",
    "link": "http://www.speedrun.com/Spyro_2_Riptos_Rage"
  },
  "Jak II": {
    "title": "Jak II",
    "runner": "I300M3R, Raccoon_1337, Dexz, Ricky",
    "estimate": "01:23",
    "category": "Any% (Race)",
    "platform": "PS2",
    "link": "http://www.speedrun.com/Jak_II"
  },
  "Dark Souls 3": {
    "title": "Dark Souls III",
    "runner": "Elajjaz",
    "estimate": "01:43",
    "category": "All Bosses",
    "platform": "PC",
    "link": "http://www.speedrun.com/Dark_Souls_III"
  },
  "Grand Theft Auto III": {
    "title": "Grand Theft Auto III",
    "runner": "karl__k",
    "estimate": "01:23",
    "category": "Any%",
    "platform": "PC",
    "link": "http://www.speedrun.com/Grand_Theft_Auto_III"
  },
  "BioShock Infinite": {
    "title": "BioShock Infinite",
    "runner": "heny",
    "estimate": "02:08",
    "category": "Any%",
    "platform": "PC",
    "link": "http://www.speedrun.com/BioShock_Infinite"
  },
  "Hitman 2: Silent Assassin": {
    "title": "Hitman 2: Silent Assassin",
    "runner": "Kotti",
    "estimate": "01:23",
    "category": "PRO, SA",
    "platform": "PC",
    "link": "http://www.speedrun.com/Hitman_2_Silent_Assassin"
  },
  "Thief: Gold": {
    "title": "Thief: Gold",
    "runner": "pitpo",
    "estimate": "01:08",
    "category": "Any% normal",
    "platform": "PC",
    "link": "http://www.speedrun.com/Thief_Gold"
  },
  "Star Trek: Voyager - Elite Force": {
    "title": "Star Trek: Voyager - Elite Force",
    "runner": "Sphere",
    "estimate": "01:08",
    "category": "Any%",
    "platform": "PC",
    "link": "http://www.speedrun.com/Star_Trek_Voyager_-_Elite_Force"
  },
  "F.D.N.Y. Firefighter": {
    "title": "F.D.N.Y. Firefighter",
    "runner": "bangerra, oasiz",
    "estimate": "00:48",
    "category": "Any% (Race)",
    "platform": "PC",
    "link": "http://www.speedrun.com/F.D.N.Y._Firefighter"
  },
  "Dynowarz: Destruction of Spondylus": {
    "title": "Dynowarz: Destruction of Spondylus",
    "runner": "laml",
    "estimate": "00:31",
    "category": "Any%",
    "platform": "NES",
    "link": "http://www.speedrun.com/Dynowarz_Destruction_of_Spondylus"
  },
  "Metal Storm": {
    "title": "Metal Storm",
    "runner": "dxtr",
    "estimate": "00:28",
    "category": "Any% (1loop)",
    "platform": "NES",
    "link": "http://www.speedrun.com/Metal_Storm"
  },
  "The Addams Family": {
    "title": "The Addams Family",
    "runner": "IndDragPack",
    "estimate": "00:18",
    "category": "Any%",
    "platform": "SNES",
    "link": "http://www.speedrun.com/The_Addams_Family"
  },
  "The Addams Family (GB)": {
    "title": "The Addams Family (GB)",
    "runner": "bangerra",
    "estimate": "00:20",
    "category": "All Bosses",
    "platform": "GBP",
    "link": "http://www.speedrun.com/The_Addams_Family_GB"
  },
  "The Lucky Dime Caper Starring Donald Duck": {
    "title": "The Lucky Dime Caper Starring Donald Duck",
    "runner": "KrazyRasmus, btrim",
    "estimate": "00:38",
    "category": "Any% (Race)",
    "platform": "SMS",
    "link": "http://www.speedrun.com/The_Lucky_Dime_Caper_Starring_Donald_Duck"
  },
  "Legend of Illusion starring Mickey Mouse": {
    "title": "Legend of Illusion starring Mickey Mouse",
    "runner": "btrim",
    "estimate": "00:28",
    "category": "Any%",
    "platform": "SMS",
    "link": "http://www.speedrun.com/Legend_of_Illusion_starring_Mickey_Mouse"
  },
  "Magical Quest 3 Starring Mickey and Donald": {
    "title": "Magical Quest 3 Starring Mickey and Donald",
    "runner": "alowishus",
    "estimate": "00:43",
    "category": "Easy w,  Donald (Solo Run)",
    "platform": "SNES",
    "link": "http://www.speedrun.com/Magical_Quest_3_Starring_Mickey_and_Donald"
  },
  "The Legend of Dark Witch - Episode 2: The Price of Desire": {
    "title": "The Legend of Dark Witch - Episode 2: The Price of Desire",
    "runner": "Crippe",
    "estimate": "00:34",
    "category": "Any%",
    "platform": "3DS",
    "link": "http://www.speedrun.com/The_Legend_of_Dark_Witch_-_Episode_2_The_Price_of_Desire"
  },
  "Star Fox Zero": {
    "title": "Star Fox Zero",
    "runner": "Pottoww",
    "estimate": "00:48",
    "category": "Any%",
    "platform": "Wii U",
    "link": "http://www.speedrun.com/Star_Fox_Zero"
  },
  "FAST Racing NEO": {
    "title": "FAST Racing NEO",
    "runner": "E_Dragon, PreFiXAUT, DivisionX",
    "estimate": "00:38",
    "category": "Time Attack (Race)",
    "platform": "Wii U",
    "link": "http://www.speedrun.com/FAST_Racing_NEO"
  },
  "Gremlins 2: The New Batch (NES)": {
    "title": "Gremlins 2: The New Batch (NES)",
    "runner": "InfestedRiche, EndySWE",
    "estimate": "00:20",
    "category": "Any% (Race)",
    "platform": "NES",
    "link": "http://www.speedrun.com/Gremlins_2_The_New_Batch_NES"
  },
  "DuckTales 2": {
    "title": "DuckTales 2",
    "runner": "Garadas",
    "estimate": "00:23",
    "category": "Any% (Difficult)",
    "platform": "NES",
    "link": "http://www.speedrun.com/DuckTales_2"
  },
  "DuckTales": {
    "title": "DuckTales",
    "runner": "Nudua, EndySWE, dxtr, Purjo83",
    "estimate": "00:23",
    "category": "Any% (Difficult) (Race)",
    "platform": "NES",
    "link": "http://www.speedrun.com/DuckTales"
  },
  "Pikmin 3": {
    "title": "Pikmin 3",
    "runner": "360Chrism",
    "estimate": "01:13",
    "category": "Any%",
    "platform": "Wii U",
    "link": "http://www.speedrun.com/Pikmin_3"
  },
  "Bloodborne": {
    "title": "Bloodborne",
    "runner": "MrTakahashi",
    "estimate": "01:53",
    "category": "All Bosses with DLC",
    "platform": "PS4",
    "link": "http://www.speedrun.com/Bloodborne"
  },
  "Metroid Prime 2: Echoes": {
    "title": "Metroid Prime 2: Echoes",
    "runner": "E_Dragon",
    "estimate": "01:58",
    "category": "Any%",
    "platform": "GCN",
    "link": "http://www.speedrun.com/Metroid_Prime_2_Echoes"
  },
  "Wario Land 3": {
    "title": "Wario Land 3",
    "runner": "pr0te",
    "estimate": "01:08",
    "category": "Any%",
    "platform": "GBP",
    "link": "http://www.speedrun.com/Wario_Land_3"
  },
  "Super Mario Bros. 3": {
    "title": "Super Mario Bros. 3",
    "runner": "Kirua",
    "estimate": "01:23",
    "category": "100%",
    "platform": "NES",
    "link": "http://www.speedrun.com/Super_Mario_Bros._3"
  },
  "Nintendo Nightmare": {
    "title": "Nintendo Nightmare",
    "runner": "Pull",
    "estimate": "00:37",
    "category": "Any%",
    "platform": "PC",
    "link": null
  },
  "Borderlands 2": {
    "title": "Borderlands 2",
    "runner": "Incalex, Vemirtar, Filly_Vinyl, stenkaempen",
    "estimate": "02:23",
    "category": "4-Player Co-Op",
    "platform": "PC",
    "link": "http://www.speedrun.com/Borderlands_2"
  },
  "Lara Croft and the Guardian of Light": {
    "title": "Lara Croft and the Guardian of Light",
    "runner": "randompinkbunny, DrTChops",
    "estimate": "00:38",
    "category": "Any% NG+ (Co-Op)",
    "platform": "PC",
    "link": "http://www.speedrun.com/Lara_Croft_and_the_Guardian_of_Light"
  },
  "Prince of Persia: The Sands of Time": {
    "title": "Prince of Persia: The Sands of Time",
    "runner": "tocaloni1, epicdudeguy",
    "estimate": "01:38",
    "category": "Any% Zipless (Race)",
    "platform": "PC",
    "link": "http://www.speedrun.com/Prince_of_Persia_The_Sands_of_Time"
  },
  "Arabian Nights": {
    "title": "Arabian Nights",
    "runner": "Kotti",
    "estimate": "00:58",
    "category": "Any%",
    "platform": "PC",
    "link": "http://www.speedrun.com/Arabian_Nights"
  },
  "The Elder Scrolls V: Skyrim": {
    "title": "The Elder Scrolls V: Skyrim",
    "runner": "5exual_Tyrannosaurus",
    "estimate": "00:56",
    "category": "Any%",
    "platform": "PC",
    "link": "http://www.speedrun.com/The_Elder_Scrolls_V_Skyrim"
  },
  "Lands of Lore III": {
    "title": "Lands of Lore III",
    "runner": "cruxit",
    "estimate": "01:08",
    "category": "Any%",
    "platform": "PC",
    "link": null
  },
  "Ultima Underworld II: Labyrinth of Worlds": {
    "title": "Ultima Underworld II: Labyrinth of Worlds",
    "runner": "pitpo",
    "estimate": "00:38",
    "category": "Any%",
    "platform": "MS-DOS",
    "link": "http://www.speedrun.com/Ultima_Underworld_II_Labyrinth_of_Worlds"
  },
  "Nox": {
    "title": "Nox",
    "runner": "Pjoxt",
    "estimate": "00:53",
    "category": "Any% Wizard",
    "platform": "PC",
    "link": null
  },
  "A Story About My Uncle": {
    "title": "A Story About My Uncle",
    "runner": "PenAgain",
    "estimate": "00:48",
    "category": "Any% No Fling",
    "platform": "PC",
    "link": "http://www.speedrun.com/A_Story_About_My_Uncle"
  },
  "Deus Ex: Invisible War": {
    "title": "Deus Ex: Invisible War",
    "runner": "jelmeree",
    "estimate": "00:43",
    "category": "Any%",
    "platform": "PC",
    "link": "http://www.speedrun.com/Deus_Ex_Invisible_War"
  },
  "Total Overdose": {
    "title": "Total Overdose",
    "runner": "zoton2",
    "estimate": "01:13",
    "category": "Any%",
    "platform": "PC",
    "link": "http://www.speedrun.com/Total_Overdose"
  },
  "You Are Empty": {
    "title": "You Are Empty",
    "runner": "Tezur0",
    "estimate": "00:58",
    "category": "Any% with sprint",
    "platform": "PC",
    "link": "http://www.speedrun.com/You_Are_Empty"
  },
  "Winx Club": {
    "title": "Winx Club",
    "runner": "SerSanju",
    "estimate": "00:53",
    "category": "Any%",
    "platform": "PC",
    "link": "http://www.speedrun.com/Winx_Club"
  },
  "Escape Goat 2": {
    "title": "Escape Goat 2",
    "runner": "Arctice",
    "estimate": "00:28",
    "category": "Any%",
    "platform": "PC",
    "link": "http://www.speedrun.com/Escape_Goat_2"
  },
  "Goat Simulator": {
    "title": "Goat Simulator",
    "runner": "Riekelt",
    "estimate": "00:39",
    "category": "All Trophies",
    "platform": "PC",
    "link": "http://www.speedrun.com/Goat_Simulator"
  },
  "Oddworld: Abe's Oddysee": {
    "title": "Oddworld: Abe's Oddysee",
    "runner": "Samtastic",
    "estimate": "00:23",
    "category": "Any%",
    "platform": "PC",
    "link": "http://www.speedrun.com/Oddworld_Abes_Oddysee"
  },
  "Final Fantasy XII": {
    "title": "Final Fantasy XII",
    "runner": "Freddeh",
    "estimate": "06:53",
    "category": "Any%",
    "platform": "PS2",
    "link": "http://www.speedrun.com/Final_Fantasy_XII"
  },
  "Ori and the Blind Forest Definitive Edition": {
    "title": "Ori and the Blind Forest Definitive Edition",
    "runner": "joka",
    "estimate": "00:53",
    "category": "All Skills, no OOB",
    "platform": "PC",
    "link": "http://www.speedrun.com/Ori_and_the_Blind_Forest_Definitive_Edition"
  },
  "Shadow Complex Remastered": {
    "title": "Shadow Complex Remastered",
    "runner": "Greenalink",
    "estimate": "01:23",
    "category": "NG+ 100% Insane",
    "platform": "PC",
    "link": "http://www.speedrun.com/Shadow_Complex_Remastered"
  },
  "Half-Life": {
    "title": "Half-Life",
    "runner": "COOLKID",
    "estimate": "00:48",
    "category": "Any%",
    "platform": "PC",
    "link": "http://www.speedrun.com/Half-Life"
  },
  "Quake": {
    "title": "Quake",
    "runner": "Elgu",
    "estimate": "00:28",
    "category": "Any%",
    "platform": "PC",
    "link": "http://www.speedrun.com/Quake"
  },
  "Quake II (PC)": {
    "title": "Quake II (PC)",
    "runner": "Brainfluid",
    "estimate": "00:38",
    "category": "Any% (Easy)",
    "platform": "PC",
    "link": "http://www.speedrun.com/Quake_II_PC"
  },
  "Chex Quest 3": {
    "title": "Chex Quest 3",
    "runner": "Freddeh",
    "estimate": "00:33",
    "category": "UV Any%",
    "platform": "PC",
    "link": null
  },
  "Uncharted 2: Among Thieves": {
    "title": "Uncharted 2: Among Thieves",
    "runner": "epicdudeguy",
    "estimate": "02:03",
    "category": "Any%",
    "platform": "PS3",
    "link": "http://www.speedrun.com/Uncharted_2_Among_Thieves"
  },
  "Tomb Raider: The Last Revelation": {
    "title": "Tomb Raider: The Last Revelation",
    "runner": "xRikux89",
    "estimate": "01:43",
    "category": "Any%",
    "platform": "PC",
    "link": "http://www.speedrun.com/Tomb_Raider_The_Last_Revelation"
  },
  "Prince of Persia: The Two Thrones": {
    "title": "Prince of Persia: The Two Thrones",
    "runner": "criban",
    "estimate": "01:28",
    "category": "Any%",
    "platform": "PC",
    "link": "http://www.speedrun.com/Prince_of_Persia_The_Two_Thrones"
  },
  "Resident Evil 0 Remaster": {
    "title": "Resident Evil 0 Remaster",
    "runner": "Pessimism",
    "estimate": "01:28",
    "category": "Wesker Mode",
    "platform": "PC",
    "link": "http://www.speedrun.com/Resident_Evil_0_Remaster"
  },
  "inFAMOUS Festival of Blood": {
    "title": "inFAMOUS Festival of Blood",
    "runner": "SerSanju",
    "estimate": "00:38",
    "category": "Any%",
    "platform": "PS3",
    "link": "http://www.speedrun.com/inFAMOUS_Festival_of_Blood"
  },
  "Jade Cocoon: Story of the Tamamayu": {
    "title": "Jade Cocoon: Story of the Tamamayu",
    "runner": "JackOfHearts",
    "estimate": "01:08",
    "category": "Any%",
    "platform": "PS1",
    "link": "http://www.speedrun.com/Jade_Cocoon_Story_of_the_Tamamayu"
  },
  "Pulseman": {
    "title": "Pulseman",
    "runner": "Naegleria",
    "estimate": "00:58",
    "category": "Any% no skid jump",
    "platform": "Gen",
    "link": "http://www.speedrun.com/Pulseman"
  },
  "Buck Bumble": {
    "title": "Buck Bumble",
    "runner": "Rueake",
    "estimate": "00:48",
    "category": "Any%",
    "platform": "N64",
    "link": "http://www.speedrun.com/Buck_Bumble"
  },
  "Beetle Adventure Racing!": {
    "title": "Beetle Adventure Racing!",
    "runner": "andypanther",
    "estimate": "00:53",
    "category": "Bonus Circuit, max points",
    "platform": "N64",
    "link": "http://www.speedrun.com/Beetle_Adventure_Racing"
  },
  "Croc: Legend of the Gobbos": {
    "title": "Croc: Legend of the Gobbos",
    "runner": "puppetmaster",
    "estimate": "02:03",
    "category": "100%",
    "platform": "PS2",
    "link": "http://www.speedrun.com/Croc_Legend_of_the_Gobbos"
  },
  "Harry Potter and the Philosopher's Stone (PC)": {
    "title": "Harry Potter and the Philosopher's Stone (PC)",
    "runner": "Respirte",
    "estimate": "01:43",
    "category": "Any%",
    "platform": "PC",
    "link": "http://www.speedrun.com/Harry_Potter_and_the_Philosophers_Stone_PC"
  },
  "Futurama": {
    "title": "Futurama",
    "runner": "Henneko_",
    "estimate": "01:28",
    "category": "Any%",
    "platform": "X360",
    "link": "http://www.speedrun.com/Futurama"
  },
  "Koumajou Densetsu 2: Stranger Requiem": {
    "title": "Koumajou Densetsu 2: Stranger Requiem",
    "runner": "Shadax",
    "estimate": "00:28",
    "category": "Hard",
    "platform": "PC",
    "link": "http://www.speedrun.com/Koumajou_Densetsu_2_Stranger_Requiem"
  },
  "Metroid Fusion": {
    "title": "Metroid Fusion",
    "runner": "Eagle",
    "estimate": "01:58",
    "category": "100%",
    "platform": "GBP",
    "link": "http://www.speedrun.com/Metroid_Fusion"
  },
  "Kingdom Hearts Birth by Sleep Final Mix HD": {
    "title": "Kingdom Hearts Birth by Sleep Final Mix HD",
    "runner": "RebelDragon95",
    "estimate": "01:28",
    "category": "Aqua Critical Level 1 Any%",
    "platform": "PS3",
    "link": "http://www.speedrun.com/Kingdom_Hearts_Birth_by_Sleep_Final_Mix_HD"
  },
  "The Legend of Zelda: A Link to the Past": {
    "title": "The Legend of Zelda: A Link to the Past",
    "runner": "KRob16",
    "estimate": "01:48",
    "category": "No Major Glitches",
    "platform": "SNES",
    "link": "http://www.speedrun.com/The_Legend_of_Zelda_A_Link_to_the_Past"
  },
  "The Legend of Zelda: Four Swords": {
    "title": "The Legend of Zelda: Four Swords",
    "runner": "Tompa, Baffan",
    "estimate": "00:38",
    "category": "Any% (Co-Op)",
    "platform": "GBP",
    "link": "http://www.speedrun.com/The_Legend_of_Zelda_Four_Swords"
  },
  "Castlevania: Symphony of the Night": {
    "title": "Castlevania: Symphony of the Night",
    "runner": "Metako",
    "estimate": "00:27",
    "category": "Any% No Save Corruption",
    "platform": "X360",
    "link": "http://www.speedrun.com/Castlevania_Symphony_of_the_Night"
  },
  "Quint's Revenge": {
    "title": "Quint's Revenge",
    "runner": "snapcase",
    "estimate": "00:33",
    "category": "Any%",
    "platform": "PC",
    "link": "http://www.speedrun.com/Quints_Revenge"
  },
  "Mega Man": {
    "title": "Mega Man",
    "runner": "CartinaCow",
    "estimate": "00:33",
    "category": "All Levels",
    "platform": "NES",
    "link": "http://megamanleaderboards.net/index.php?game=1"
  },
  "Mega Man 7": {
    "title": "Mega Man 7",
    "runner": "joka",
    "estimate": "00:53",
    "category": "Any%",
    "platform": "SNES",
    "link": "http://megamanleaderboards.net/index.php?game=7&category=268"
  },
  "I Wanna Be The Boshy": {
    "title": "I Wanna Be The Boshy",
    "runner": "BBF",
    "estimate": "00:43",
    "category": "Any% (Dark Boshy, No Wrong Warp)",
    "platform": "PC",
    "link": "http://www.speedrun.com/I_Wanna_Be_The_Boshy"
  },
  "The Binding of Isaac: Afterbirth": {
    "title": "The Binding of Isaac: Afterbirth",
    "runner": "Shigan",
    "estimate": "00:38",
    "category": "Hard The Lost",
    "platform": "PC",
    "link": "http://www.speedrun.com/The_Binding_of_Isaac_Afterbirth"
  },
  "TimeSplitters 2": {
    "title": "TimeSplitters 2",
    "runner": "JangBang",
    "estimate": "00:48",
    "category": "Any% easy",
    "platform": "GCN",
    "link": "http://www.speedrun.com/TimeSplitters_2"
  },
  "Halo 5: Guardians": {
    "title": "Halo 5: Guardians",
    "runner": "Distro, A_Royal_Hobo",
    "estimate": "02:28",
    "category": "Legendary (race)",
    "platform": "XBone",
    "link": "http://haloruns.com/records?lb=0800"
  },
  "Dragon Age: Origins": {
    "title": "Dragon Age: Origins",
    "runner": "Fatzke",
    "estimate": "01:03",
    "category": "Any%",
    "platform": "PC",
    "link": "http://www.speedrun.com/Dragon_Age_Origins"
  },
  "The Elder Scrolls III: Morrowind": {
    "title": "The Elder Scrolls III: Morrowind",
    "runner": "DrTChops",
    "estimate": "00:48",
    "category": "All Main Quests",
    "platform": "PC",
    "link": "http://www.speedrun.com/The_Elder_Scrolls_III_Morrowind"
  },
  "Two Worlds": {
    "title": "Two Worlds",
    "runner": "Shaddex",
    "estimate": "01:18",
    "category": "All Main Quests",
    "platform": "PC",
    "link": "http://www.speedrun.com/Two_Worlds"
  },
  "Serious Sam HD: The First Encounter": {
    "title": "Serious Sam HD: The First Encounter",
    "runner": "Tezur0",
    "estimate": "00:58",
    "category": "Any% - Tourist",
    "platform": "PC",
    "link": "http://www.speedrun.com/Serious_Sam_HD_The_First_Encounter"
  },
  "Driver: You Are The Wheelman": {
    "title": "Driver: You Are The Wheelman",
    "runner": "pitpo, UltimaOmega07, Mhmd_FVC, Noz",
    "estimate": "01:48",
    "category": "Any% PS (Race)",
    "platform": "PS2",
    "link": "http://www.speedrun.com/Driver_You_Are_The_Wheelman"
  },
  "Tekken 3": {
    "title": "Tekken 3",
    "runner": "Shirdel",
    "estimate": "01:20",
    "category": "Unlock All Endings (1 Round, Medium)",
    "platform": "PS2",
    "link": "http://www.speedrun.com/Tekken_3"
  },
  "Judge Dredd: Dredd vs. Death": {
    "title": "Judge Dredd: Dredd vs. Death",
    "runner": "Arctice, DrTChops",
    "estimate": "00:38",
    "category": "CO-OP VS. DEATH",
    "platform": "PC",
    "link": "http://www.speedrun.com/Judge_Dredd_Dredd_vs._Death"
  },
  "Environmental Station Alpha": {
    "title": "Environmental Station Alpha",
    "runner": "Jazzy, puppetmaster",
    "estimate": "00:30",
    "category": "Any% (inbounds) (Race)",
    "platform": "PC",
    "link": "http://www.speedrun.com/Environmental_Station_Alpha"
  },
  "Portal": {
    "title": "Portal",
    "runner": "karl__k",
    "estimate": "00:23",
    "category": "No OOB",
    "platform": "PC",
    "link": "http://www.speedrun.com/Portal"
  },
  "Tetris The Grand Master": {
    "title": "Tetris The Grand Master",
    "runner": "Qlex",
    "estimate": "01:08",
    "category": "Exhibition block",
    "platform": "Arcade",
    "link": "http://www.speedrun.com/Tetris_The_Grand_Master"
  },
  "Master of Darkness": {
    "title": "Master of Darkness",
    "runner": "btrim",
    "estimate": "00:36",
    "category": "Any%",
    "platform": "SMS",
    "link": "http://www.speedrun.com/Master_of_Darkness"
  },
  "X-Men: Mojo World": {
    "title": "X-Men: Mojo World",
    "runner": "FingersTehHand, RoboSparkle",
    "estimate": "00:14",
    "category": "Any% Suicidal (Race)",
    "platform": "SMS",
    "link": "http://www.speedrun.com/X-Men_Mojo_World"
  },
  "The Flash": {
    "title": "The Flash",
    "runner": "RoboSparkle",
    "estimate": "00:25",
    "category": "Any%",
    "platform": "SMS",
    "link": null
  },
  "Mega Turrican": {
    "title": "Mega Turrican",
    "runner": "Burb",
    "estimate": "00:31",
    "category": "Any%",
    "platform": "Gen",
    "link": "http://www.speedrun.com/Mega_Turrican"
  },
  "Chiki Chiki Boys": {
    "title": "Chiki Chiki Boys",
    "runner": "JohnUK89",
    "estimate": "00:28",
    "category": "Any% Blue Twin",
    "platform": "Gen",
    "link": "http://www.speedrun.com/Chiki_Chiki_Boys"
  },
  "Ooze (Action 52)": {
    "title": "Ooze (Action 52)",
    "runner": "Alko",
    "estimate": "00:15",
    "category": "Any%",
    "platform": "Gen",
    "link": null
  },
  "Phantasy Star II": {
    "title": "Phantasy Star II",
    "runner": "kruskader",
    "estimate": "00:48",
    "category": "Any%",
    "platform": "Gen",
    "link": "http://www.speedrun.com/Phantasy_Star_II"
  },
  "Donkey Kong '94": {
    "title": "Donkey Kong '94",
    "runner": "Shiekrunner",
    "estimate": "01:23",
    "category": "Any%",
    "platform": "SGB",
    "link": "http://www.speedrun.com/Donkey_Kong_94"
  },
  "Chip 'N Dale: Rescue Rangers": {
    "title": "Chip 'N Dale: Rescue Rangers",
    "runner": "EndySWE, KrazyRasmus, Nudua",
    "estimate": "00:21",
    "category": "Any% (Race)",
    "platform": "NES",
    "link": "http://www.speedrun.com/Chip_N_Dale_Rescue_Rangers"
  },
  "Freedom Planet": {
    "title": "Freedom Planet",
    "runner": "SuccinctAndPunchy",
    "estimate": "01:03",
    "category": "Any% Lilac",
    "platform": "PC",
    "link": "http://www.speedrun.com/Freedom_Planet"
  },
  "Super Smash Bros. Melee": {
    "title": "Super Smash Bros. Melee",
    "runner": "Fuzzyness",
    "estimate": "00:58",
    "category": "All Events",
    "platform": "GCN",
    "link": "http://www.speedrun.com/Super_Smash_Bros._Melee"
  },
  "F-Zero GX": {
    "title": "F-Zero GX",
    "runner": "E_Dragon",
    "estimate": "00:36",
    "category": "Story Mode (Very Hard)",
    "platform": "GCN",
    "link": "http://www.speedrun.com/F-Zero_GX"
  },
  "Pokémon Snap": {
    "title": "Pokémon Snap",
    "runner": "Drogeriehund",
    "estimate": "00:38",
    "category": "100%",
    "platform": "N64",
    "link": "http://www.speedrun.com/Pokemon_Snap"
  },
  "Yu-Gi-Oh! Forbidden Memories": {
    "title": "Yu-Gi-Oh! Forbidden Memories",
    "runner": "Mergy",
    "estimate": "00:58",
    "category": "Any% New Game+",
    "platform": "PS2",
    "link": "http://www.speedrun.com/Yu-Gi-Oh_Forbidden_Memories"
  },
  "Fable: The Lost Chapters": {
    "title": "Fable: The Lost Chapters",
    "runner": "Etem_T",
    "estimate": "01:40",
    "category": "Any%",
    "platform": "PC",
    "link": "http://www.speedrun.com/Fable_The_Lost_Chapters"
  },
  "Command & Conquer: Generals ": {
    "title": "Command & Conquer: Generals",
    "runner": "tyriounet",
    "estimate": "00:58",
    "category": "China campaign",
    "platform": "PC",
    "link": "http://www.speedrun.com/Command_and_Conquer_Generals_"
  },
  "SEGA Bass Fishing": {
    "title": "SEGA Bass Fishing",
    "runner": "Fuzzyness",
    "estimate": "00:18",
    "category": "Any%",
    "platform": "DC",
    "link": "http://www.speedrun.com/SEGA_Bass_Fishing"
  },
  "Catherine": {
    "title": "Catherine",
    "runner": "Mrzwanzig",
    "estimate": "01:43",
    "category": "Any% Normal",
    "platform": "PS3",
    "link": "http://www.speedrun.com/Catherine"
  },
  "Disgaea 2: Dark Hero Days": {
    "title": "Disgaea 2: Dark Hero Days",
    "runner": "PinkPajamas",
    "estimate": "02:38",
    "category": "Any%",
    "platform": "PSTV",
    "link": "http://www.speedrun.com/Disgaea_2_Dark_Hero_Days"
  },
  "BattleBlock Theater": {
    "title": "BattleBlock Theater",
    "runner": "SeductiveSpatula, HaosEdge",
    "estimate": "01:38",
    "category": "Any% No Level Skip (Co-Op)",
    "platform": "PC",
    "link": "http://www.speedrun.com/BattleBlock_Theater"
  },
  "Limbo": {
    "title": "Limbo",
    "runner": "Zet, Meleagant, Yajijy",
    "estimate": "00:53",
    "category": "Any% - Normal Route (Race)",
    "platform": "PC",
    "link": "http://www.speedrun.com/Limbo"
  },
  "Run Invalid (Routing Competition)": {
    "title": "Run Invalid (Routing Competition)",
    "runner": "Everyone",
    "estimate": "01:38",
    "category": "Segmented",
    "platform": "PC",
    "link": null
  },
  "Q.U.B.E.": {
    "title": "Q.U.B.E.",
    "runner": "etholon, Fatzke",
    "estimate": "00:40",
    "category": "Any% (Race)",
    "platform": "PC",
    "link": "http://www.speedrun.com/Q.U.B.E."
  },
  "Dishonored": {
    "title": "Dishonored",
    "runner": "Janmumrik",
    "estimate": "00:58",
    "category": "Non-Lethal, Ghost",
    "platform": "PC",
    "link": "http://www.speedrun.com/Dishonored"
  },
  "Fallout 4": {
    "title": "Fallout 4",
    "runner": "BubblesDelFuego",
    "estimate": "01:18",
    "category": "Any%",
    "platform": "PC",
    "link": "http://www.speedrun.com/Fallout_4"
  },
  "Kirby's Dream Land": {
    "title": "Kirby's Dream Land",
    "runner": "Fretzi",
    "estimate": "00:23",
    "category": "Beat the game",
    "platform": "GBP",
    "link": "http://www.speedrun.com/Kirbys_Dream_Land"
  },
  "Kirby Super Star Ultra": {
    "title": "Kirby Super Star Ultra",
    "runner": "Kinnin11",
    "estimate": "02:18",
    "category": "100%",
    "platform": "3DS",
    "link": "http://www.speedrun.com/Kirby_Super_Star_Ultra"
  },
  "Ninja Gaiden": {
    "title": "Ninja Gaiden",
    "runner": "InfestedRiche, dxtr",
    "estimate": "00:28",
    "category": "2 Players 1 Controller",
    "platform": "NES",
    "link": "http://www.speedrun.com/Ninja_Gaiden"
  },
  "Ratchet & Clank": {
    "title": "Ratchet & Clank",
    "runner": "Ricky",
    "estimate": "00:38",
    "category": "NG+",
    "platform": "PS3",
    "link": "http://www.speedrun.com/Ratchet_and_Clank"
  },
  "Super Mario World": {
    "title": "Super Mario World",
    "runner": "Akisto",
    "estimate": "01:38",
    "category": "96 Exits",
    "platform": "SNES",
    "link": "http://www.speedrun.com/Super_Mario_World"
  },
  "Super Mario 64": {
    "title": "Super Mario 64",
    "runner": "Flippy_o, dwhatever, Fuzzyness, Noizeeh, MashSRL, Drogeriehund, srb",
    "estimate": "02:08",
    "category": "120 Star Relay Race",
    "platform": "N64",
    "link": "http://www.speedrun.com/Super_Mario_64"
  },
  "The End": {
    "title": "ESA!",
    "runner": "Everyone",
    "estimate": "0:38",
    "category": "",
    "platform": "",
    "link": null
  }
}