{
  "1davidj": {
    "link": "https://twitch.tv/1davidj",
    "logo": "https://static-cdn.jtvnw.net/jtv_user_pictures/1davidj-profile_image-cf2f56c6d386a46a-300x300.png"
  },
  "360Chrism": {
    "link": "https://twitch.tv/360chrism",
    "logo": "https://static-cdn.jtvnw.net/jtv_user_pictures/360chrism-profile_image-923e48819b871f89-300x300.jpeg"
  },
  "Andy": {
    "link": "https://twitch.tv/andy",
    "logo": "https://static-cdn.jtvnw.net/jtv_user_pictures/andy-profile_image-4e83cf68a89e5b33-300x300.png"
  },
  "Bawkbasoup": {
    "link": "https://twitch.tv/bawkbasoup",
    "logo": "https://static-cdn.jtvnw.net/jtv_user_pictures/77b9b991-4e82-4ff6-aac9-be25a28cc320-profile_image-300x300.jpg"
  },
  "Big Jon": {
    "link": "https://twitch.tv/gamej06",
    "logo": "https://static-cdn.jtvnw.net/jtv_user_pictures/gamej06-profile_image-c1c0dad6ee0eedb8-300x300.png"
  },
  "Bryonato": {
    "link": "https://twitch.tv/bryonato",
    "logo": "https://static-cdn.jtvnw.net/jtv_user_pictures/bryonato-profile_image-f77fab386179a1e6-300x300.png"
  },
  "COLTrane45": {
    "link": "https://twitch.tv/coltrane45",
    "logo": "https://static-cdn.jtvnw.net/jtv_user_pictures/e291842a-e5e0-4107-894e-f9801187777b-profile_image-300x300.png"
  },
  "ChrisLBC": {
    "link": "https://twitch.tv/chrislbc",
    "logo": "https://static-cdn.jtvnw.net/jtv_user_pictures/chrislbc-profile_image-164ec85adf6762cb-300x300.png"
  },
  "Ecdycis": {
    "link": "https://twitch.tv/ecdycis",
    "logo": "https://static-cdn.jtvnw.net/jtv_user_pictures/0818a57c-8cb5-4ef6-9376-9f63029ce9bb-profile_image-300x300.png"
  },
  "Escheria": {
    "link": "https://twitch.tv/escheria",
    "logo": "https://static-cdn.jtvnw.net/jtv_user_pictures/escheria-profile_image-622f00b50baf03e9-300x300.png"
  },
  "FeralPigMan": {
    "link": "https://twitch.tv/feralpigman",
    "logo": "https://static-cdn.jtvnw.net/jtv_user_pictures/feralpigman-profile_image-a38324ca42026638-300x300.jpeg"
  },
  "FunkMastaDre": {
    "link": "https://twitch.tv/funkmastadre",
    "logo": "https://static-cdn.jtvnw.net/jtv_user_pictures/8cad7b8b-aa94-4374-aa13-108fffc29d5a-profile_image-300x300.jpg"
  },
  "Hupfen": {
    "link": "https://twitch.tv/radiohupfen",
    "logo": "https://static-cdn.jtvnw.net/jtv_user_pictures/ce3d8e8c-43d9-4b7b-8ea9-85dc2aa23137-profile_image-300x300.jpg"
  },
  "Indy": {
    "link": null,
    "logo": null
  },
  "KZ_FREW": {
    "link": "https://twitch.tv/kz_frew",
    "logo": "https://static-cdn.jtvnw.net/jtv_user_pictures/15c503a23990fb89-profile_image-300x300.png"
  },
  "Kirbymastah": {
    "link": "https://twitch.tv/kirbymastah",
    "logo": "https://static-cdn.jtvnw.net/jtv_user_pictures/kirbymastah-profile_image-7bef33616aa2eee6-300x300.png"
  },
  "Lombax999": {
    "link": "https://twitch.tv/lombax999",
    "logo": "https://static-cdn.jtvnw.net/jtv_user_pictures/ea289e52-73ea-4a6a-bd72-818ad27ec3e7-profile_image-300x300.png"
  },
  "MrLlamaSC": {
    "link": "https://twitch.tv/mrllamasc",
    "logo": "https://static-cdn.jtvnw.net/jtv_user_pictures/acad9d038d558c8a-profile_image-300x300.png"
  },
  "NicroVeda": {
    "link": "https://twitch.tv/nicroveda",
    "logo": "https://static-cdn.jtvnw.net/jtv_user_pictures/0a5bf41386e642f0-profile_image-300x300.png"
  },
  "Oatsngoats": {
    "link": "https://twitch.tv/oatsngoats",
    "logo": "https://static-cdn.jtvnw.net/jtv_user_pictures/1dfdbb6ed73b8fcf-profile_image-300x300.jpeg"
  },
  "Omnigamer": {
    "link": "https://twitch.tv/omnigamer",
    "logo": "https://static-cdn.jtvnw.net/jtv_user_pictures/omnigamer-profile_image-bb8f6d3f03b9f3bb-300x300.jpeg"
  },
  "Protomagicalgirl": {
    "link": "https://twitch.tv/protomagicalgirl",
    "logo": "https://static-cdn.jtvnw.net/jtv_user_pictures/f747dd47-a85c-4e35-8135-bf1d230aecf2-profile_image-300x300.png"
  },
  "RogueLink": {
    "link": "https://twitch.tv/roguelink",
    "logo": "https://static-cdn.jtvnw.net/jtv_user_pictures/787b1389-78ce-4bea-bfe7-d4c7459a388f-profile_image-300x300.png"
  },
  "Tech Crew": {
    "link": null,
    "logo": null
  },
  "TheLegendofZaheer": {
    "link": "https://twitch.tv/thelegendofzaheer",
    "logo": "https://static-cdn.jtvnw.net/jtv_user_pictures/7ad8b172-2385-4cee-920c-d2502505df46-profile_image-300x300.png"
  },
  "The_Kov": {
    "link": "https://twitch.tv/the_kov",
    "logo": "https://static-cdn.jtvnw.net/jtv_user_pictures/the_kov-profile_image-be87d0ba237a1889-300x300.png"
  },
  "Tiki": {
    "link": "https://twitch.tv/Tiki",
    "logo": "https://static-cdn.jtvnw.net/jtv_user_pictures/tiki-profile_image-5d1eff83985b1cd5-300x300.jpeg"
  },
  "Tokyo90": {
    "link": "https://twitch.tv/tokyo90",
    "logo": "https://static-cdn.jtvnw.net/jtv_user_pictures/tokyo90-profile_image-c36b59c618650c14-300x300.png"
  },
  "UltimoIce": {
    "link": "https://twitch.tv/ultimoice",
    "logo": "https://static-cdn.jtvnw.net/jtv_user_pictures/f0ca1d22a30ce071-profile_image-300x300.png"
  },
  "UraniumAnchor": {
    "link": "https://twitch.tv/uraniumanchor",
    "logo": "https://static-cdn.jtvnw.net/jtv_user_pictures/uraniumanchor-profile_image-67fb5d9f0850ae77-300x300.png"
  },
  "ViolinGamer": {
    "link": "https://twitch.tv/ViolinGamer_",
    "logo": "https://static-cdn.jtvnw.net/jtv_user_pictures/3fd62d53661a46b7-profile_image-300x300.png"
  },
  "Walrus_Prime": {
    "link": "https://twitch.tv/walrus_prime",
    "logo": "https://static-cdn.jtvnw.net/jtv_user_pictures/walrus_prime-profile_image-ad1334563848f803-300x300.jpeg"
  },
  "WinnerBit": {
    "link": "https://twitch.tv/winnerbit",
    "logo": "https://static-cdn.jtvnw.net/jtv_user_pictures/d7f9e53d3c3cd863-profile_image-300x300.png"
  },
  "Zela1": {
    "link": "https://twitch.tv/zela1",
    "logo": "https://static-cdn.jtvnw.net/jtv_user_pictures/2339dcc96f91365e-profile_image-300x300.jpeg"
  },
  "cheese05": {
    "link": "https://twitch.tv/cheese05",
    "logo": "https://static-cdn.jtvnw.net/jtv_user_pictures/cheese05-profile_image-ac5d2089ae89057e-300x300.png"
  },
  "darkman78": {
    "link": "https://twitch.tv/darkman78",
    "logo": "https://static-cdn.jtvnw.net/jtv_user_pictures/darkman78-profile_image-b16731636ddef881-300x300.jpeg"
  },
  "dwangoAC": {
    "link": "https://twitch.tv/dwangoac",
    "logo": "https://static-cdn.jtvnw.net/jtv_user_pictures/086a13a0-2dff-4673-bac8-3185076e1243-profile_image-300x300.png"
  },
  "fir_": {
    "link": "https://twitch.tv/fir_",
    "logo": "https://static-cdn.jtvnw.net/jtv_user_pictures/864966e8-9b67-4011-abb5-09ed3b6605d8-profile_image-300x300.jpg"
  },
  "giygasblues": {
    "link": "https://twitch.tv/giygasblues",
    "logo": "https://static-cdn.jtvnw.net/jtv_user_pictures/b5f6e30d336d8d9a-profile_image-300x300.png"
  },
  "gymnast86": {
    "link": "https://twitch.tv/gymnast86",
    "logo": "https://static-cdn.jtvnw.net/jtv_user_pictures/gymnast86-profile_image-f3114ecf75946be1-300x300.jpeg"
  },
  "meowmixmix": {
    "link": "https://www.twitch.tv/meowmixmix",
    "logo": "https://static-cdn.jtvnw.net/jtv_user_pictures/meowmixmix-profile_image-28b36c73bcbbf3cb-300x300.png"
  },
  "philosoraptor42": {
    "link": "https://twitch.tv/philosoraptor42",
    "logo": "https://static-cdn.jtvnw.net/jtv_user_pictures/philosoraptor42-profile_image-9a9581ba7326c8c5-300x300.jpeg"
  },
  "spikevegeta2": {
    "link": "https://twitch.tv/spikevegeta",
    "logo": "https://static-cdn.jtvnw.net/jtv_user_pictures/spikevegeta-profile_image-4ccba409d6b18a3f-300x300.jpeg"
  },
  "theboyks": {
    "link": "https://twitch.tv/theboyks",
    "logo": "https://static-cdn.jtvnw.net/jtv_user_pictures/797312c1-a3dd-4300-a9ae-b1f6918cc14f-profile_image-300x300.png"
  },
  "usedpizza": {
    "link": "https://twitch.tv/usedpizza",
    "logo": "https://static-cdn.jtvnw.net/jtv_user_pictures/79adbb31-ee7d-4b7f-a76b-e2a91a7a1435-profile_image-300x300.png"
  },
  "zallard1": {
    "link": "https://twitch.tv/zallard1",
    "logo": "https://static-cdn.jtvnw.net/jtv_user_pictures/zallard1-profile_image-5340d464ea1687fa-300x300.png"
  }
}
