{
	"SGDQ - The FrankerZ Train": {
		"level-id": "331D-0000-0269-18D6",
		"creator": "Carl"
	},
	"Life without Yoshi": {
		"level-id": "F780-0000-0269-1219",
		"creator": "Kito"
	},
	"SDGQuartet - Not your Forte": {
		"level-id": "BFEE-0000-0269-0FBF",
		"creator": "Go Seigen"
	},
	"SGDQ - Shell Shock": {
		"level-id": "06DF-0000-0269-0E9D",
		"creator": "Bismuth"
	},
	"SGDQ - Dream Team...?": {
		"level-id": "E422-0000-0269-1173",
		"creator": "Hyrulean"
	},
	"SGDQ: Yoshi What Up!": {
		"level-id": "2F6F-0000-0269-17EA",
		"creator": "Panga"
	},
	"SDGQ - Things That Go Bump": {
		"level-id": "DE18-0000-0269-0EB9",
		"creator": "Andy"
	},
	"SGDQ Wallkick Sunshine Happytime": {
		"level-id": "8D00-0000-0269-116A",
		"creator": "dansalvato"
	},
	"SGDQ Incremental": {
		"level-id": "4BDF-0000-0269-10CA",
		"creator": "SethBling"
	},
	"SGDQ: THe Pit of Three Trials": {
		"level-id": "AEC6-0000-0269-18BE",
		"creator": "Jordan"
	},
	"SGDQ - Bomb in 60 Seconds": {
		"level-id": "2F75-0000-0269-1865",
		"creator": "Golden"
	}
}